,Time,Power
0,2019-10-02T00:00:04+05:00,9569.4
1,2019-10-02T00:00:32+05:00,9372.46
2,2019-10-02T00:01:02+05:00,7802.23
3,2019-10-02T00:01:32+05:00,9672.990000000002
4,2019-10-02T00:02:02+05:00,9697.61
5,2019-10-02T00:02:32+05:00,9615.41
6,2019-10-02T00:03:02+05:00,9626.5
7,2019-10-02T00:03:32+05:00,9744.08
8,2019-10-02T00:04:02+05:00,9725.35
9,2019-10-02T00:04:34+05:00,9810.35
10,2019-10-02T00:05:03+05:00,9672.71
11,2019-10-02T00:05:32+05:00,9698.6
12,2019-10-02T00:06:02+05:00,9796.15
13,2019-10-02T00:06:32+05:00,9688.41
14,2019-10-02T00:07:02+05:00,9611.32
15,2019-10-02T00:07:32+05:00,9625.4
16,2019-10-02T00:08:02+05:00,9715.81
17,2019-10-02T00:08:32+05:00,9831.64
18,2019-10-02T00:09:02+05:00,9687.98
19,2019-10-02T00:09:32+05:00,9701.44
20,2019-10-02T00:10:02+05:00,9665.38
21,2019-10-02T00:10:32+05:00,9535.39
22,2019-10-02T00:11:02+05:00,9562.96
23,2019-10-02T00:11:32+05:00,9577.54
24,2019-10-02T00:12:02+05:00,9771.97
25,2019-10-02T00:12:32+05:00,9786.28
26,2019-10-02T00:13:02+05:00,9628.88
27,2019-10-02T00:13:32+05:00,9807.29
28,2019-10-02T00:14:02+05:00,9741.7
29,2019-10-02T00:14:32+05:00,9732.6
30,2019-10-02T00:15:02+05:00,9700.08
31,2019-10-02T00:15:32+05:00,9769.93
32,2019-10-02T00:16:03+05:00,10044.259999999998
33,2019-10-02T00:16:32+05:00,9881.72
34,2019-10-02T00:17:02+05:00,9905.04
35,2019-10-02T00:17:32+05:00,9947.72
36,2019-10-02T00:18:02+05:00,9867.09
37,2019-10-02T00:18:32+05:00,8076.45
38,2019-10-02T00:19:02+05:00,9948.46
39,2019-10-02T00:19:32+05:00,9982.34
40,2019-10-02T00:20:02+05:00,9865.23
41,2019-10-02T00:20:32+05:00,9727.58
42,2019-10-02T00:21:02+05:00,10009.46
43,2019-10-02T00:21:32+05:00,9881.74
44,2019-10-02T00:22:03+05:00,9786.1
45,2019-10-02T00:22:32+05:00,9768.59
46,2019-10-02T00:23:03+05:00,9783.34
47,2019-10-02T00:23:32+05:00,9718.53
48,2019-10-02T00:24:02+05:00,9569.28
49,2019-10-02T00:24:32+05:00,9935.52
50,2019-10-02T00:25:02+05:00,9692.19
51,2019-10-02T00:25:32+05:00,9745.14
52,2019-10-02T00:26:02+05:00,9727.22
53,2019-10-02T00:26:32+05:00,9739.83
54,2019-10-02T00:27:02+05:00,9745.72
55,2019-10-02T00:27:32+05:00,10292.15
56,2019-10-02T00:28:02+05:00,9962.02
57,2019-10-02T00:28:32+05:00,9751.82
58,2019-10-02T00:29:02+05:00,9974.85
59,2019-10-02T00:29:32+05:00,9861.55
60,2019-10-02T00:30:03+05:00,9679.76
61,2019-10-02T00:30:32+05:00,9712.68
62,2019-10-02T00:31:02+05:00,9621.22
63,2019-10-02T00:31:32+05:00,9792.27
64,2019-10-02T00:32:02+05:00,9663.21
65,2019-10-02T00:32:32+05:00,9728.16
66,2019-10-02T00:33:02+05:00,9677.01
67,2019-10-02T00:33:32+05:00,9726.14
68,2019-10-02T00:34:02+05:00,9816.65
69,2019-10-02T00:34:32+05:00,9990.26
70,2019-10-02T00:35:02+05:00,9926.15
71,2019-10-02T00:35:32+05:00,9662.09
72,2019-10-02T00:36:02+05:00,9820.87
73,2019-10-02T00:36:33+05:00,9670.33
74,2019-10-02T00:37:02+05:00,9807.93
75,2019-10-02T00:37:32+05:00,9611.07
76,2019-10-02T00:38:02+05:00,9726.76
77,2019-10-02T00:38:32+05:00,9764.17
78,2019-10-02T00:39:02+05:00,9644.7
79,2019-10-02T00:39:32+05:00,9586.88
80,2019-10-02T00:40:04+05:00,9697.28
81,2019-10-02T00:40:32+05:00,9600.61
82,2019-10-02T00:41:02+05:00,7939.08
83,2019-10-02T00:41:32+05:00,9514.06
84,2019-10-02T00:42:03+05:00,9626.56
85,2019-10-02T00:42:32+05:00,9635.32
86,2019-10-02T00:43:02+05:00,9573.43
87,2019-10-02T00:43:32+05:00,9634.89
88,2019-10-02T00:44:02+05:00,9646.56
89,2019-10-02T00:44:32+05:00,9595.55
90,2019-10-02T00:45:02+05:00,9717.97
91,2019-10-02T00:45:33+05:00,9687.62
92,2019-10-02T00:46:03+05:00,9910.46
93,2019-10-02T00:46:32+05:00,9642.67
94,2019-10-02T00:47:02+05:00,9782.59
95,2019-10-02T00:47:32+05:00,9667.73
96,2019-10-02T00:48:02+05:00,9616.240000000002
97,2019-10-02T00:48:32+05:00,8688.09
98,2019-10-02T00:49:02+05:00,9354.4
99,2019-10-02T00:49:32+05:00,9456.45
100,2019-10-02T00:50:02+05:00,9540.55
101,2019-10-02T00:50:32+05:00,9500.72
102,2019-10-02T00:51:02+05:00,9627.25
103,2019-10-02T00:51:32+05:00,9516.47
104,2019-10-02T00:52:02+05:00,9547.95
105,2019-10-02T00:52:32+05:00,9370.42
106,2019-10-02T00:53:02+05:00,9506.9
107,2019-10-02T00:53:32+05:00,9597.15
108,2019-10-02T00:54:02+05:00,9486.93
109,2019-10-02T00:54:33+05:00,9507.59
110,2019-10-02T00:55:02+05:00,9695.3
111,2019-10-02T00:55:32+05:00,9505.59
112,2019-10-02T00:56:02+05:00,9530.62
113,2019-10-02T00:56:32+05:00,9378.56
114,2019-10-02T00:57:02+05:00,9486.46
115,2019-10-02T00:57:32+05:00,9597.17
116,2019-10-02T00:58:03+05:00,9567.14
117,2019-10-02T00:58:32+05:00,9835.59
118,2019-10-02T00:59:02+05:00,9492.1
119,2019-10-02T00:59:32+05:00,9553.19
120,2019-10-02T01:00:02+05:00,9536.54
121,2019-10-02T01:00:32+05:00,9381.83
122,2019-10-02T01:01:02+05:00,9503.62
123,2019-10-02T01:01:32+05:00,9579.4
124,2019-10-02T01:02:02+05:00,9635.77
125,2019-10-02T01:02:33+05:00,9648.9
126,2019-10-02T01:03:02+05:00,9553.11
127,2019-10-02T01:03:32+05:00,9407.76
128,2019-10-02T01:04:02+05:00,7956.06
129,2019-10-02T01:04:32+05:00,9557.47
130,2019-10-02T01:05:08+05:00,9474.83
131,2019-10-02T01:05:32+05:00,9590.11
132,2019-10-02T01:06:02+05:00,9646.78
133,2019-10-02T01:06:32+05:00,9532.88
134,2019-10-02T01:07:02+05:00,9479.31
135,2019-10-02T01:07:32+05:00,9596.99
136,2019-10-02T01:08:02+05:00,9662.85
137,2019-10-02T01:08:32+05:00,9523.37
138,2019-10-02T01:09:02+05:00,9560.16
139,2019-10-02T01:09:32+05:00,9493.09
140,2019-10-02T01:10:02+05:00,9386.06
141,2019-10-02T01:10:32+05:00,9455.28
142,2019-10-02T01:11:02+05:00,9343.28
143,2019-10-02T01:11:35+05:00,9740.81
144,2019-10-02T01:12:02+05:00,9474.77
145,2019-10-02T01:12:32+05:00,9424.77
146,2019-10-02T01:13:02+05:00,9493.87
147,2019-10-02T01:13:32+05:00,9403.34
148,2019-10-02T01:14:02+05:00,9434.35
149,2019-10-02T01:14:32+05:00,9459.16
150,2019-10-02T01:15:02+05:00,9546.66
151,2019-10-02T01:15:32+05:00,9522.28
152,2019-10-02T01:16:03+05:00,9483.01
153,2019-10-02T01:16:32+05:00,9438.36
154,2019-10-02T01:17:02+05:00,9299.14
155,2019-10-02T01:17:32+05:00,9440.78
156,2019-10-02T01:18:02+05:00,9530.18
157,2019-10-02T01:18:32+05:00,9483.32
158,2019-10-02T01:19:02+05:00,9501.34
159,2019-10-02T01:19:32+05:00,9758.68
160,2019-10-02T01:20:02+05:00,9882.46
161,2019-10-02T01:20:32+05:00,9727.98
162,2019-10-02T01:21:02+05:00,9665.86
163,2019-10-02T01:21:32+05:00,9693.97
164,2019-10-02T01:22:02+05:00,9704.74
165,2019-10-02T01:22:32+05:00,9767.86
166,2019-10-02T01:23:02+05:00,9746.77
167,2019-10-02T01:23:32+05:00,9701.96
168,2019-10-02T01:24:02+05:00,9764.14
169,2019-10-02T01:24:32+05:00,9810.72
170,2019-10-02T01:25:02+05:00,9757.87
171,2019-10-02T01:25:32+05:00,9993.09
172,2019-10-02T01:26:02+05:00,9721.62
173,2019-10-02T01:26:32+05:00,9739.52
174,2019-10-02T01:27:02+05:00,9884.37
175,2019-10-02T01:27:33+05:00,9841.39
176,2019-10-02T01:28:02+05:00,9708.7
177,2019-10-02T01:28:32+05:00,9695.89
178,2019-10-02T01:29:02+05:00,9654.42
179,2019-10-02T01:29:32+05:00,9602.22
180,2019-10-02T01:30:02+05:00,9672.31
181,2019-10-02T01:30:32+05:00,9757.41
182,2019-10-02T01:31:06+05:00,9690.89
183,2019-10-02T01:31:32+05:00,9597.58
184,2019-10-02T01:32:02+05:00,9600.7
185,2019-10-02T01:32:32+05:00,9763.8
186,2019-10-02T01:33:02+05:00,9664.65
187,2019-10-02T01:33:32+05:00,9773.34
188,2019-10-02T01:34:02+05:00,9717.4
189,2019-10-02T01:34:32+05:00,9585.55
190,2019-10-02T01:35:02+05:00,9741.43
191,2019-10-02T01:35:32+05:00,9742.87
192,2019-10-02T01:36:03+05:00,9649.38
193,2019-10-02T01:36:32+05:00,9766.05
194,2019-10-02T01:37:03+05:00,9596.6
195,2019-10-02T01:37:32+05:00,9781.92
196,2019-10-02T01:38:02+05:00,9740.06
197,2019-10-02T01:38:32+05:00,9680.84
198,2019-10-02T01:39:03+05:00,9749.43
199,2019-10-02T01:39:32+05:00,9579.06
200,2019-10-02T01:40:02+05:00,9756.27
201,2019-10-02T01:40:32+05:00,9581.68
202,2019-10-02T01:41:02+05:00,9452.24
203,2019-10-02T01:41:32+05:00,9504.53
204,2019-10-02T01:42:02+05:00,9615.24
205,2019-10-02T01:42:32+05:00,9465.03
206,2019-10-02T01:43:03+05:00,9722.22
207,2019-10-02T01:43:32+05:00,9506.84
208,2019-10-02T01:44:02+05:00,9525.86
209,2019-10-02T01:44:32+05:00,9515.34
210,2019-10-02T01:45:02+05:00,9441.75
211,2019-10-02T01:45:33+05:00,9645.46
212,2019-10-02T01:46:02+05:00,9539.55
213,2019-10-02T01:46:32+05:00,9688.7
214,2019-10-02T01:47:02+05:00,9608.49
215,2019-10-02T01:47:33+05:00,9557.03
216,2019-10-02T01:48:02+05:00,9376.22
217,2019-10-02T01:48:32+05:00,9495.9
218,2019-10-02T01:49:02+05:00,9454.1
219,2019-10-02T01:49:32+05:00,9539.4
220,2019-10-02T01:50:02+05:00,9270.35
221,2019-10-02T01:50:32+05:00,9363.45
222,2019-10-02T01:51:02+05:00,9272.55
223,2019-10-02T01:51:32+05:00,9183.08
224,2019-10-02T01:52:02+05:00,9356.71
225,2019-10-02T01:52:32+05:00,9408.169999999998
226,2019-10-02T01:53:03+05:00,9469.72
227,2019-10-02T01:53:32+05:00,9396.28
228,2019-10-02T01:54:02+05:00,9528.26
229,2019-10-02T01:54:32+05:00,9347.67
230,2019-10-02T01:55:02+05:00,9297.26
231,2019-10-02T01:55:32+05:00,9371.2
232,2019-10-02T01:56:02+05:00,9352.36
233,2019-10-02T01:56:32+05:00,9375.21
234,2019-10-02T01:57:02+05:00,9594.09
235,2019-10-02T01:57:32+05:00,9510.62
236,2019-10-02T01:58:03+05:00,9427.11
237,2019-10-02T01:58:32+05:00,9401.57
238,2019-10-02T01:59:02+05:00,9426.91
239,2019-10-02T01:59:32+05:00,9273.88
240,2019-10-02T02:00:02+05:00,9326.23
241,2019-10-02T02:00:32+05:00,9209.61
242,2019-10-02T02:01:02+05:00,9358.71
243,2019-10-02T02:01:32+05:00,9373.69
244,2019-10-02T02:02:02+05:00,9277.66
245,2019-10-02T02:02:32+05:00,9341.29
246,2019-10-02T02:03:02+05:00,9379.67
247,2019-10-02T02:03:32+05:00,9302.34
248,2019-10-02T02:04:02+05:00,9502.92
249,2019-10-02T02:04:32+05:00,9414.21
250,2019-10-02T02:05:02+05:00,9320.12
251,2019-10-02T02:05:33+05:00,9418.25
252,2019-10-02T02:06:02+05:00,9304.06
253,2019-10-02T02:06:32+05:00,9355.61
254,2019-10-02T02:07:02+05:00,9248.81
255,2019-10-02T02:07:33+05:00,9359.02
256,2019-10-02T02:08:02+05:00,9485.51
257,2019-10-02T02:08:32+05:00,9433.39
258,2019-10-02T02:09:02+05:00,9329.37
259,2019-10-02T02:09:36+05:00,9391.34
260,2019-10-02T02:10:02+05:00,9553.18
261,2019-10-02T02:10:32+05:00,9513.740000000002
262,2019-10-02T02:11:02+05:00,9488.62
263,2019-10-02T02:11:32+05:00,9525.53
264,2019-10-02T02:12:02+05:00,9368.06
265,2019-10-02T02:12:32+05:00,9340.77
266,2019-10-02T02:13:02+05:00,9360.24
267,2019-10-02T02:13:32+05:00,9289.73
268,2019-10-02T02:14:02+05:00,9379.0
269,2019-10-02T02:14:32+05:00,9464.42
270,2019-10-02T02:15:02+05:00,9321.7
271,2019-10-02T02:15:32+05:00,9429.53
272,2019-10-02T02:16:02+05:00,9366.43
273,2019-10-02T02:16:32+05:00,7812.92
274,2019-10-02T02:17:02+05:00,9193.16
275,2019-10-02T02:17:32+05:00,9398.72
276,2019-10-02T02:18:02+05:00,9466.8
277,2019-10-02T02:18:32+05:00,9380.18
278,2019-10-02T02:19:02+05:00,9593.79
279,2019-10-02T02:19:34+05:00,9258.68
280,2019-10-02T02:20:02+05:00,9495.28
281,2019-10-02T02:20:32+05:00,9691.64
282,2019-10-02T02:21:02+05:00,9584.06
283,2019-10-02T02:21:32+05:00,9541.28
284,2019-10-02T02:22:02+05:00,9545.44
285,2019-10-02T02:22:32+05:00,9663.07
286,2019-10-02T02:23:02+05:00,9494.1
287,2019-10-02T02:23:32+05:00,9537.13
288,2019-10-02T02:24:02+05:00,9485.47
289,2019-10-02T02:24:32+05:00,9557.16
290,2019-10-02T02:25:02+05:00,9666.65
291,2019-10-02T02:25:34+05:00,9617.19
292,2019-10-02T02:26:02+05:00,9547.21
293,2019-10-02T02:26:32+05:00,9463.21
294,2019-10-02T02:27:02+05:00,9435.24
295,2019-10-02T02:27:33+05:00,9579.04
296,2019-10-02T02:28:02+05:00,9493.63
297,2019-10-02T02:28:32+05:00,9521.89
298,2019-10-02T02:29:02+05:00,9521.28
299,2019-10-02T02:29:32+05:00,9410.44
300,2019-10-02T02:30:02+05:00,9448.77
301,2019-10-02T02:30:32+05:00,9609.91
302,2019-10-02T02:31:02+05:00,9559.15
303,2019-10-02T02:31:32+05:00,9474.12
304,2019-10-02T02:32:02+05:00,9649.73
305,2019-10-02T02:32:35+05:00,9620.27
306,2019-10-02T02:33:32+05:00,9612.47
307,2019-10-02T02:34:02+05:00,9560.74
308,2019-10-02T02:34:32+05:00,9424.08
309,2019-10-02T02:35:02+05:00,9558.75
310,2019-10-02T02:35:33+05:00,9625.86
311,2019-10-02T02:36:02+05:00,9548.58
312,2019-10-02T02:36:36+05:00,9703.0
313,2019-10-02T02:37:02+05:00,9616.64
314,2019-10-02T02:37:32+05:00,9679.23
315,2019-10-02T02:38:02+05:00,9200.92
316,2019-10-02T02:38:32+05:00,9593.0
317,2019-10-02T02:39:02+05:00,9869.44
318,2019-10-02T02:39:32+05:00,9795.55
319,2019-10-02T02:40:02+05:00,10036.0
320,2019-10-02T02:40:32+05:00,9837.170000000002
321,2019-10-02T02:41:02+05:00,9816.32
322,2019-10-02T02:41:32+05:00,9796.95
323,2019-10-02T02:42:06+05:00,9865.9
324,2019-10-02T02:42:32+05:00,9556.78
325,2019-10-02T02:43:02+05:00,9561.08
326,2019-10-02T02:43:32+05:00,9597.33
327,2019-10-02T02:44:02+05:00,9421.59
328,2019-10-02T02:44:32+05:00,9590.58
329,2019-10-02T02:45:02+05:00,9395.57
330,2019-10-02T02:45:32+05:00,9451.38
331,2019-10-02T02:46:02+05:00,9456.17
332,2019-10-02T02:46:33+05:00,9395.47
333,2019-10-02T02:47:02+05:00,9374.14
334,2019-10-02T02:47:32+05:00,9498.14
335,2019-10-02T02:48:02+05:00,9560.36
336,2019-10-02T02:48:32+05:00,9598.51
337,2019-10-02T02:49:02+05:00,9308.12
338,2019-10-02T02:49:32+05:00,9463.02
339,2019-10-02T02:50:02+05:00,9326.13
340,2019-10-02T02:50:33+05:00,9368.19
341,2019-10-02T02:51:03+05:00,9464.63
342,2019-10-02T02:51:42+05:00,7862.15
343,2019-10-02T02:52:02+05:00,9492.71
344,2019-10-02T02:52:32+05:00,9392.1
345,2019-10-02T02:53:02+05:00,9517.28
346,2019-10-02T02:53:32+05:00,9458.74
347,2019-10-02T02:54:02+05:00,9308.25
348,2019-10-02T02:54:32+05:00,9419.76
349,2019-10-02T02:55:03+05:00,9446.85
350,2019-10-02T02:55:32+05:00,9424.35
351,2019-10-02T02:56:02+05:00,9479.75
352,2019-10-02T02:56:32+05:00,9428.57
353,2019-10-02T02:57:02+05:00,9423.62
354,2019-10-02T02:57:32+05:00,9488.88
355,2019-10-02T02:58:02+05:00,9257.63
356,2019-10-02T02:58:32+05:00,9519.21
357,2019-10-02T02:59:02+05:00,9394.77
358,2019-10-02T02:59:33+05:00,9591.4
359,2019-10-02T03:00:02+05:00,9462.36
360,2019-10-02T03:00:32+05:00,9489.35
361,2019-10-02T03:01:02+05:00,9527.93
362,2019-10-02T03:01:32+05:00,9686.42
363,2019-10-02T03:02:04+05:00,9694.81
364,2019-10-02T03:02:32+05:00,9672.37
365,2019-10-02T03:03:02+05:00,9821.41
366,2019-10-02T03:03:32+05:00,9633.29
367,2019-10-02T03:04:02+05:00,9591.1
368,2019-10-02T03:04:32+05:00,9620.84
369,2019-10-02T03:05:04+05:00,9760.27
370,2019-10-02T03:05:32+05:00,9744.02
371,2019-10-02T03:06:02+05:00,9519.71
372,2019-10-02T03:06:32+05:00,9540.95
373,2019-10-02T03:07:03+05:00,9571.96
374,2019-10-02T03:07:32+05:00,9551.84
375,2019-10-02T03:08:02+05:00,9492.69
376,2019-10-02T03:08:32+05:00,9491.74
377,2019-10-02T03:09:02+05:00,9485.76
378,2019-10-02T03:09:32+05:00,9657.9
379,2019-10-02T03:10:02+05:00,9648.77
380,2019-10-02T03:10:32+05:00,9733.75
381,2019-10-02T03:11:02+05:00,9680.02
382,2019-10-02T03:11:36+05:00,9815.16
383,2019-10-02T03:12:02+05:00,9795.28
384,2019-10-02T03:12:32+05:00,10042.78
385,2019-10-02T03:13:02+05:00,9534.84
386,2019-10-02T03:13:32+05:00,9697.1
387,2019-10-02T03:14:02+05:00,9410.490000000002
388,2019-10-02T03:14:32+05:00,9440.24
389,2019-10-02T03:15:02+05:00,8702.81
390,2019-10-02T03:15:32+05:00,9435.419999999998
391,2019-10-02T03:16:04+05:00,9523.41
392,2019-10-02T03:16:32+05:00,9400.85
393,2019-10-02T03:17:02+05:00,9575.45
394,2019-10-02T03:17:32+05:00,9632.14
395,2019-10-02T03:18:02+05:00,9566.65
396,2019-10-02T03:18:32+05:00,9518.03
397,2019-10-02T03:19:02+05:00,9468.14
398,2019-10-02T03:19:32+05:00,9634.24
399,2019-10-02T03:20:02+05:00,9403.5
400,2019-10-02T03:20:32+05:00,9394.59
401,2019-10-02T03:21:02+05:00,9665.05
402,2019-10-02T03:21:32+05:00,9713.66
403,2019-10-02T03:22:02+05:00,9630.42
404,2019-10-02T03:22:32+05:00,9852.91
405,2019-10-02T03:23:02+05:00,7976.610000000001
406,2019-10-02T03:23:32+05:00,9725.31
407,2019-10-02T03:24:02+05:00,9561.71
408,2019-10-02T03:24:32+05:00,9655.31
409,2019-10-02T03:25:02+05:00,9619.01
410,2019-10-02T03:25:32+05:00,9643.92
411,2019-10-02T03:26:02+05:00,9718.39
412,2019-10-02T03:26:32+05:00,9796.1
413,2019-10-02T03:27:02+05:00,9824.79
414,2019-10-02T03:27:32+05:00,9776.76
415,2019-10-02T03:28:02+05:00,9772.38
416,2019-10-02T03:28:32+05:00,10017.21
417,2019-10-02T03:29:02+05:00,9942.87
418,2019-10-02T03:29:32+05:00,9790.7
419,2019-10-02T03:30:02+05:00,9696.06
420,2019-10-02T03:30:32+05:00,9655.77
421,2019-10-02T03:31:03+05:00,9780.77
422,2019-10-02T03:31:32+05:00,9723.31
423,2019-10-02T03:32:02+05:00,9738.34
424,2019-10-02T03:32:32+05:00,9590.3
425,2019-10-02T03:33:02+05:00,9785.32
426,2019-10-02T03:33:32+05:00,9741.23
427,2019-10-02T03:34:02+05:00,9633.41
428,2019-10-02T03:34:32+05:00,9769.259999999998
429,2019-10-02T03:35:02+05:00,9854.52
430,2019-10-02T03:35:32+05:00,9969.13
431,2019-10-02T03:36:02+05:00,7917.59
432,2019-10-02T03:36:33+05:00,9897.75
433,2019-10-02T03:37:02+05:00,9908.11
434,2019-10-02T03:37:32+05:00,9841.22
435,2019-10-02T03:38:02+05:00,9930.67
436,2019-10-02T03:38:32+05:00,9975.32
437,2019-10-02T03:39:02+05:00,9782.82
438,2019-10-02T03:39:32+05:00,9751.88
439,2019-10-02T03:40:02+05:00,9652.3
440,2019-10-02T03:40:33+05:00,9542.66
441,2019-10-02T03:41:03+05:00,9594.18
442,2019-10-02T03:41:32+05:00,9656.75
443,2019-10-02T03:42:03+05:00,9574.11
444,2019-10-02T03:42:32+05:00,9694.08
445,2019-10-02T03:43:02+05:00,9929.57
446,2019-10-02T03:43:32+05:00,9565.11
447,2019-10-02T03:44:04+05:00,9636.99
448,2019-10-02T03:44:33+05:00,9606.74
449,2019-10-02T03:45:02+05:00,9551.29
450,2019-10-02T03:45:32+05:00,9682.37
451,2019-10-02T03:46:03+05:00,9498.68
452,2019-10-02T03:46:33+05:00,9429.28
453,2019-10-02T03:47:02+05:00,9669.7
454,2019-10-02T03:47:32+05:00,9633.66
455,2019-10-02T03:48:02+05:00,9618.27
456,2019-10-02T03:48:32+05:00,9380.26
457,2019-10-02T03:49:02+05:00,9396.31
458,2019-10-02T03:49:32+05:00,9515.48
459,2019-10-02T03:50:06+05:00,9745.73
460,2019-10-02T03:50:32+05:00,9666.67
461,2019-10-02T03:51:03+05:00,9474.23
462,2019-10-02T03:51:32+05:00,9728.18
463,2019-10-02T03:52:02+05:00,9667.13
464,2019-10-02T03:52:36+05:00,9739.52
465,2019-10-02T03:53:02+05:00,9698.09
466,2019-10-02T03:53:32+05:00,9729.97
467,2019-10-02T03:54:02+05:00,9806.58
468,2019-10-02T03:54:32+05:00,9712.31
469,2019-10-02T03:55:02+05:00,9795.2
470,2019-10-02T03:55:32+05:00,9811.56
471,2019-10-02T03:56:02+05:00,9747.69
472,2019-10-02T03:56:32+05:00,9750.99
473,2019-10-02T03:57:02+05:00,9775.72
474,2019-10-02T03:57:32+05:00,9726.77
475,2019-10-02T03:58:02+05:00,9799.43
476,2019-10-02T03:58:32+05:00,9601.1
477,2019-10-02T03:59:02+05:00,9709.87
478,2019-10-02T03:59:32+05:00,9742.41
479,2019-10-02T04:00:02+05:00,9521.52
480,2019-10-02T04:00:32+05:00,9578.54
481,2019-10-02T04:01:02+05:00,9551.96
482,2019-10-02T04:01:32+05:00,9413.18
483,2019-10-02T04:02:02+05:00,8622.880000000001
484,2019-10-02T04:02:32+05:00,7760.070000000001
485,2019-10-02T04:03:02+05:00,7681.219999999999
486,2019-10-02T04:03:32+05:00,7724.45
487,2019-10-02T04:04:02+05:00,7705.98
488,2019-10-02T04:04:32+05:00,7668.950000000001
489,2019-10-02T04:05:02+05:00,7689.72
490,2019-10-02T04:05:32+05:00,7619.969999999999
491,2019-10-02T04:06:02+05:00,7599.82
492,2019-10-02T04:06:32+05:00,7587.0
493,2019-10-02T04:07:02+05:00,7690.389999999999
494,2019-10-02T04:07:32+05:00,7552.14
495,2019-10-02T04:08:03+05:00,7611.6
496,2019-10-02T04:08:32+05:00,7688.809999999999
497,2019-10-02T04:09:02+05:00,7608.0
498,2019-10-02T04:09:32+05:00,7635.74
499,2019-10-02T04:10:02+05:00,7621.76
500,2019-10-02T04:10:32+05:00,7454.22
501,2019-10-02T04:11:02+05:00,7598.3
502,2019-10-02T04:11:32+05:00,7535.43
503,2019-10-02T04:12:02+05:00,7584.58
504,2019-10-02T04:12:32+05:00,7603.37
505,2019-10-02T04:13:02+05:00,7532.77
506,2019-10-02T04:13:32+05:00,7597.24
507,2019-10-02T04:14:02+05:00,7655.0
508,2019-10-02T04:14:32+05:00,7626.91
509,2019-10-02T04:15:06+05:00,7526.88
510,2019-10-02T04:15:32+05:00,7659.5
511,2019-10-02T04:16:02+05:00,7468.889999999999
512,2019-10-02T04:16:32+05:00,7564.1
513,2019-10-02T04:17:03+05:00,7627.39
514,2019-10-02T04:17:32+05:00,7609.76
515,2019-10-02T04:18:02+05:00,7539.99
516,2019-10-02T04:18:32+05:00,7567.12
517,2019-10-02T04:19:02+05:00,7548.210000000001
518,2019-10-02T04:19:32+05:00,7554.210000000001
519,2019-10-02T04:20:02+05:00,7656.93
520,2019-10-02T04:20:33+05:00,7540.43
521,2019-10-02T04:21:02+05:00,7514.74
522,2019-10-02T04:21:32+05:00,7577.629999999999
523,2019-10-02T04:22:02+05:00,7659.07
524,2019-10-02T04:22:33+05:00,7544.309999999999
525,2019-10-02T04:23:02+05:00,7509.32
526,2019-10-02T04:23:32+05:00,7604.809999999999
527,2019-10-02T04:24:03+05:00,7854.44
528,2019-10-02T04:24:32+05:00,7799.81
529,2019-10-02T04:25:02+05:00,7720.200000000001
530,2019-10-02T04:25:32+05:00,7749.66
531,2019-10-02T04:26:02+05:00,7926.450000000001
532,2019-10-02T04:26:32+05:00,7795.009999999999
533,2019-10-02T04:27:02+05:00,7815.43
534,2019-10-02T04:27:32+05:00,7752.620000000001
535,2019-10-02T04:28:02+05:00,7770.870000000001
536,2019-10-02T04:28:32+05:00,7786.179999999999
537,2019-10-02T04:29:02+05:00,7913.63
538,2019-10-02T04:29:32+05:00,7822.9
539,2019-10-02T04:30:02+05:00,7785.37
540,2019-10-02T04:30:32+05:00,7652.35
541,2019-10-02T04:31:02+05:00,7679.6
542,2019-10-02T04:31:33+05:00,7662.129999999999
543,2019-10-02T04:32:03+05:00,7623.059999999999
544,2019-10-02T04:32:32+05:00,7889.94
545,2019-10-02T04:33:02+05:00,7899.23
546,2019-10-02T04:33:32+05:00,7691.13
547,2019-10-02T04:34:02+05:00,7776.12
548,2019-10-02T04:34:32+05:00,7793.699999999999
549,2019-10-02T04:35:03+05:00,7719.34
550,2019-10-02T04:35:32+05:00,7725.92
551,2019-10-02T04:36:02+05:00,7741.49
552,2019-10-02T04:37:03+05:00,7736.46
553,2019-10-02T04:37:32+05:00,7767.27
554,2019-10-02T04:38:02+05:00,7843.389999999999
555,2019-10-02T04:38:33+05:00,7744.57
556,2019-10-02T04:39:02+05:00,7752.610000000001
557,2019-10-02T04:39:32+05:00,7811.79
558,2019-10-02T04:40:02+05:00,7758.4
559,2019-10-02T04:40:32+05:00,7753.56
560,2019-10-02T04:41:02+05:00,7665.9
561,2019-10-02T04:41:32+05:00,7662.15
562,2019-10-02T04:42:04+05:00,7749.99
563,2019-10-02T04:42:32+05:00,7753.0
564,2019-10-02T04:43:02+05:00,7878.360000000001
565,2019-10-02T04:43:32+05:00,7748.66
566,2019-10-02T04:44:02+05:00,7787.72
567,2019-10-02T04:44:32+05:00,7829.78
568,2019-10-02T04:45:02+05:00,7756.369999999999
569,2019-10-02T04:45:32+05:00,7643.83
570,2019-10-02T04:46:02+05:00,7809.0
571,2019-10-02T04:46:32+05:00,7956.15
572,2019-10-02T04:47:02+05:00,7688.61
573,2019-10-02T04:47:32+05:00,7667.87
574,2019-10-02T04:48:02+05:00,7703.97
575,2019-10-02T04:48:32+05:00,7536.48
576,2019-10-02T04:49:03+05:00,7636.71
577,2019-10-02T04:49:32+05:00,7562.28
578,2019-10-02T04:50:02+05:00,7520.549999999999
579,2019-10-02T04:50:34+05:00,7588.93
580,2019-10-02T04:51:02+05:00,7560.99
581,2019-10-02T04:51:34+05:00,7481.42
582,2019-10-02T04:52:02+05:00,7773.82
583,2019-10-02T04:52:32+05:00,7593.120000000001
584,2019-10-02T04:53:02+05:00,7564.85
585,2019-10-02T04:53:32+05:00,7571.639999999999
586,2019-10-02T04:54:02+05:00,7515.990000000001
587,2019-10-02T04:54:31+05:00,7495.210000000001
588,2019-10-02T04:55:01+05:00,7510.860000000001
589,2019-10-02T04:55:31+05:00,7538.33
590,2019-10-02T04:56:03+05:00,7610.16
591,2019-10-02T04:56:31+05:00,7476.309999999999
592,2019-10-02T04:57:01+05:00,7637.04
593,2019-10-02T04:57:31+05:00,7368.08
594,2019-10-02T04:58:01+05:00,7515.959999999999
595,2019-10-02T04:58:31+05:00,7483.73
596,2019-10-02T04:59:02+05:00,7600.65
597,2019-10-02T04:59:33+05:00,7532.639999999999
598,2019-10-02T05:00:02+05:00,7570.040000000001
599,2019-10-02T05:00:33+05:00,7522.599999999999
600,2019-10-02T05:01:01+05:00,7351.279999999999
601,2019-10-02T05:01:34+05:00,7547.44
602,2019-10-02T05:02:03+05:00,7618.87
603,2019-10-02T05:02:31+05:00,7440.95
604,2019-10-02T05:03:01+05:00,7622.24
605,2019-10-02T05:03:32+05:00,7509.34
606,2019-10-02T05:04:02+05:00,7494.019999999999
607,2019-10-02T05:04:31+05:00,7483.960000000001
608,2019-10-02T05:05:03+05:00,7606.26
609,2019-10-02T05:05:31+05:00,7522.719999999999
610,2019-10-02T05:06:02+05:00,7538.059999999999
611,2019-10-02T05:06:31+05:00,7616.299999999999
612,2019-10-02T05:07:03+05:00,7567.62
613,2019-10-02T05:07:32+05:00,7548.719999999999
614,2019-10-02T05:08:02+05:00,7545.549999999999
615,2019-10-02T05:08:31+05:00,7505.360000000001
616,2019-10-02T05:09:01+05:00,7429.15
617,2019-10-02T05:09:33+05:00,7530.94
618,2019-10-02T05:10:01+05:00,7515.13
619,2019-10-02T05:10:33+05:00,7338.85
620,2019-10-02T05:11:01+05:00,7379.86
621,2019-10-02T05:11:32+05:00,7553.65
622,2019-10-02T05:12:02+05:00,7601.219999999999
623,2019-10-02T05:12:31+05:00,7562.18
624,2019-10-02T05:13:01+05:00,7343.860000000001
625,2019-10-02T05:13:32+05:00,7402.88
626,2019-10-02T05:14:02+05:00,7546.85
627,2019-10-02T05:14:31+05:00,7399.28
628,2019-10-02T05:15:06+05:00,7361.57
629,2019-10-02T05:15:33+05:00,7548.88
630,2019-10-02T05:16:01+05:00,7494.67
631,2019-10-02T05:16:31+05:00,7541.03
632,2019-10-02T05:17:01+05:00,7444.4
633,2019-10-02T05:17:36+05:00,7543.26
634,2019-10-02T05:18:01+05:00,7400.780000000001
635,2019-10-02T05:18:31+05:00,7443.83
636,2019-10-02T05:19:01+05:00,7458.6
637,2019-10-02T05:19:32+05:00,7543.57
638,2019-10-02T05:20:01+05:00,7540.509999999999
639,2019-10-02T05:20:31+05:00,7506.68
640,2019-10-02T05:21:01+05:00,7465.44
641,2019-10-02T05:21:33+05:00,7454.040000000001
642,2019-10-02T05:22:01+05:00,7540.859999999999
643,2019-10-02T05:22:31+05:00,7457.710000000001
644,2019-10-02T05:23:01+05:00,7446.27
645,2019-10-02T05:23:31+05:00,7289.45
646,2019-10-02T05:24:01+05:00,7654.889999999999
647,2019-10-02T05:24:31+05:00,7482.969999999999
648,2019-10-02T05:25:03+05:00,7817.59
649,2019-10-02T05:25:33+05:00,7553.82
650,2019-10-02T05:26:01+05:00,7613.57
651,2019-10-02T05:26:32+05:00,7741.17
652,2019-10-02T05:27:01+05:00,7686.87
653,2019-10-02T05:27:31+05:00,7711.48
654,2019-10-02T05:28:01+05:00,7684.849999999999
655,2019-10-02T05:28:33+05:00,7745.59
656,2019-10-02T05:29:03+05:00,7733.57
657,2019-10-02T05:29:31+05:00,7654.860000000001
658,2019-10-02T05:30:01+05:00,7660.75
659,2019-10-02T05:30:31+05:00,7612.449999999999
660,2019-10-02T05:31:01+05:00,7585.12
661,2019-10-02T05:31:31+05:00,7709.55
662,2019-10-02T05:32:01+05:00,7641.120000000001
663,2019-10-02T05:32:33+05:00,7651.3
664,2019-10-02T05:33:02+05:00,7705.19
665,2019-10-02T05:33:31+05:00,7836.960000000001
666,2019-10-02T05:34:01+05:00,7815.519999999999
667,2019-10-02T05:34:31+05:00,7756.969999999999
668,2019-10-02T05:35:01+05:00,7662.9
669,2019-10-02T05:35:31+05:00,7580.879999999999
670,2019-10-02T05:36:01+05:00,7673.19
671,2019-10-02T05:36:33+05:00,7625.03
672,2019-10-02T05:37:01+05:00,7647.42
673,2019-10-02T05:37:31+05:00,7632.57
674,2019-10-02T05:38:01+05:00,7701.42
675,2019-10-02T05:38:31+05:00,7501.0
676,2019-10-02T05:39:01+05:00,7630.860000000001
677,2019-10-02T05:39:31+05:00,7596.98
678,2019-10-02T05:40:01+05:00,7611.74
679,2019-10-02T05:40:33+05:00,7714.039999999999
680,2019-10-02T05:41:01+05:00,7639.33
681,2019-10-02T05:41:32+05:00,7670.09
682,2019-10-02T05:42:03+05:00,7431.75
683,2019-10-02T05:42:31+05:00,7672.860000000001
684,2019-10-02T05:43:01+05:00,7669.82
685,2019-10-02T05:43:31+05:00,7712.76
686,2019-10-02T05:44:01+05:00,7733.94
687,2019-10-02T05:44:32+05:00,7721.209999999999
688,2019-10-02T05:45:01+05:00,7784.85
689,2019-10-02T05:45:31+05:00,7611.63
690,2019-10-02T05:46:01+05:00,7607.629999999999
691,2019-10-02T05:46:31+05:00,7606.59
692,2019-10-02T05:47:01+05:00,7538.63
693,2019-10-02T05:47:31+05:00,7656.48
694,2019-10-02T05:48:01+05:00,7608.49
695,2019-10-02T05:48:31+05:00,7627.94
696,2019-10-02T05:49:01+05:00,7583.14
697,2019-10-02T05:49:31+05:00,7693.32
698,2019-10-02T05:50:01+05:00,7638.01
699,2019-10-02T05:50:31+05:00,7642.91
700,2019-10-02T05:51:01+05:00,7572.490000000001
701,2019-10-02T05:51:33+05:00,7521.68
702,2019-10-02T05:52:03+05:00,7483.209999999999
703,2019-10-02T05:52:31+05:00,7517.94
704,2019-10-02T05:53:02+05:00,7467.610000000001
705,2019-10-02T05:53:31+05:00,7516.1
706,2019-10-02T05:54:02+05:00,7517.27
707,2019-10-02T05:54:33+05:00,7519.870000000001
708,2019-10-02T05:55:01+05:00,7551.99
709,2019-10-02T05:55:31+05:00,7617.04
710,2019-10-02T05:56:01+05:00,7474.18
711,2019-10-02T05:56:33+05:00,7518.5
712,2019-10-02T05:57:01+05:00,7570.49
713,2019-10-02T05:57:31+05:00,7582.96
714,2019-10-02T05:58:01+05:00,7386.34
715,2019-10-02T05:58:32+05:00,7466.17
716,2019-10-02T05:59:01+05:00,7552.5
717,2019-10-02T05:59:31+05:00,7531.44
718,2019-10-02T06:00:01+05:00,7492.209999999999
719,2019-10-02T06:00:33+05:00,7595.32
720,2019-10-02T06:01:01+05:00,7441.58
721,2019-10-02T06:01:31+05:00,7396.700000000001
722,2019-10-02T06:02:01+05:00,7501.74
723,2019-10-02T06:02:31+05:00,7476.450000000001
724,2019-10-02T06:03:01+05:00,7480.23
725,2019-10-02T06:03:36+05:00,7429.72
726,2019-10-02T06:04:01+05:00,7598.37
727,2019-10-02T06:04:31+05:00,7569.370000000001
728,2019-10-02T06:05:01+05:00,7484.700000000001
729,2019-10-02T06:05:31+05:00,7511.09
730,2019-10-02T06:06:01+05:00,7536.620000000001
731,2019-10-02T06:06:31+05:00,7549.97
732,2019-10-02T06:07:01+05:00,7389.61
733,2019-10-02T06:07:31+05:00,7620.120000000001
734,2019-10-02T06:08:01+05:00,7787.54
735,2019-10-02T06:08:31+05:00,7538.98
736,2019-10-02T06:09:01+05:00,7678.199999999999
737,2019-10-02T06:09:32+05:00,7590.42
738,2019-10-02T06:10:01+05:00,7503.030000000001
739,2019-10-02T06:10:31+05:00,7572.549999999999
740,2019-10-02T06:11:01+05:00,7598.71
741,2019-10-02T06:11:31+05:00,7432.16
742,2019-10-02T06:12:01+05:00,7522.32
743,2019-10-02T06:12:31+05:00,7511.51
744,2019-10-02T06:13:01+05:00,7531.08
745,2019-10-02T06:13:31+05:00,7505.08
746,2019-10-02T06:14:02+05:00,7527.630000000001
747,2019-10-02T06:14:31+05:00,7442.22
748,2019-10-02T06:15:01+05:00,7580.63
749,2019-10-02T06:15:31+05:00,7415.5
750,2019-10-02T06:16:01+05:00,7416.62
751,2019-10-02T06:16:31+05:00,7640.41
752,2019-10-02T06:17:01+05:00,7504.89
753,2019-10-02T06:17:31+05:00,7602.61
754,2019-10-02T06:18:03+05:00,7522.200000000001
755,2019-10-02T06:18:31+05:00,7494.540000000001
756,2019-10-02T06:19:01+05:00,7455.46
757,2019-10-02T06:19:31+05:00,7447.56
758,2019-10-02T06:20:01+05:00,7507.389999999999
759,2019-10-02T06:20:32+05:00,7473.38
760,2019-10-02T06:21:01+05:00,7535.42
761,2019-10-02T06:21:31+05:00,7537.879999999999
762,2019-10-02T06:22:01+05:00,7513.39
763,2019-10-02T06:22:31+05:00,7481.79
764,2019-10-02T06:23:01+05:00,7481.11
765,2019-10-02T06:23:31+05:00,7584.410000000001
766,2019-10-02T06:24:01+05:00,7653.58
767,2019-10-02T06:24:31+05:00,7427.94
768,2019-10-02T06:25:01+05:00,7556.08
769,2019-10-02T06:25:31+05:00,7499.47
770,2019-10-02T06:26:01+05:00,7533.070000000001
771,2019-10-02T06:26:31+05:00,7423.130000000001
772,2019-10-02T06:27:01+05:00,7518.01
773,2019-10-02T06:27:31+05:00,7399.82
774,2019-10-02T06:28:01+05:00,8480.64
775,2019-10-02T06:28:31+05:00,7661.710000000001
776,2019-10-02T06:29:01+05:00,7750.790000000001
777,2019-10-02T06:29:33+05:00,7656.18
778,2019-10-02T06:30:01+05:00,7721.47
779,2019-10-02T06:30:34+05:00,7695.219999999999
780,2019-10-02T06:31:01+05:00,7635.21
781,2019-10-02T06:31:34+05:00,7719.41
782,2019-10-02T06:32:01+05:00,7627.93
783,2019-10-02T06:32:31+05:00,7670.6
784,2019-10-02T06:33:01+05:00,7637.1
785,2019-10-02T06:33:31+05:00,7693.83
786,2019-10-02T06:34:05+05:00,7896.870000000001
787,2019-10-02T06:34:31+05:00,7736.16
788,2019-10-02T06:35:01+05:00,7699.11
789,2019-10-02T06:35:31+05:00,7649.809999999999
790,2019-10-02T06:36:01+05:00,7703.710000000001
791,2019-10-02T06:36:31+05:00,7730.889999999999
792,2019-10-02T06:37:03+05:00,7755.95
793,2019-10-02T06:37:31+05:00,7734.24
794,2019-10-02T06:38:02+05:00,7597.14
795,2019-10-02T06:38:31+05:00,7660.55
796,2019-10-02T06:39:01+05:00,7679.75
797,2019-10-02T06:39:31+05:00,7610.030000000001
798,2019-10-02T06:40:01+05:00,7646.33
799,2019-10-02T06:40:33+05:00,7645.89
800,2019-10-02T06:41:01+05:00,7574.719999999999
801,2019-10-02T06:41:31+05:00,7694.52
802,2019-10-02T06:42:01+05:00,7703.68
803,2019-10-02T06:42:31+05:00,7595.07
804,2019-10-02T06:43:01+05:00,7702.36
805,2019-10-02T06:43:31+05:00,7657.610000000001
806,2019-10-02T06:44:01+05:00,7705.74
807,2019-10-02T06:44:31+05:00,7670.4
808,2019-10-02T06:45:03+05:00,7733.030000000001
809,2019-10-02T06:45:31+05:00,7606.33
810,2019-10-02T06:46:01+05:00,7700.15
811,2019-10-02T06:46:31+05:00,7620.469999999999
812,2019-10-02T06:47:01+05:00,7758.13
813,2019-10-02T06:47:31+05:00,7654.860000000001
814,2019-10-02T06:48:01+05:00,7533.530000000001
815,2019-10-02T06:48:31+05:00,7624.939999999999
816,2019-10-02T06:49:01+05:00,7581.94
817,2019-10-02T06:49:33+05:00,7573.389999999999
818,2019-10-02T06:50:01+05:00,7592.619999999999
819,2019-10-02T06:50:41+05:00,7547.029999999999
820,2019-10-02T06:51:01+05:00,7478.150000000001
821,2019-10-02T06:51:31+05:00,7593.18
822,2019-10-02T06:52:01+05:00,7513.9
823,2019-10-02T06:52:31+05:00,7621.620000000001
824,2019-10-02T06:53:01+05:00,7560.0
825,2019-10-02T06:53:31+05:00,7522.880000000001
826,2019-10-02T06:54:01+05:00,7528.43
827,2019-10-02T06:54:31+05:00,7595.41
828,2019-10-02T06:55:15+05:00,7520.0
829,2019-10-02T06:55:31+05:00,7531.809999999999
830,2019-10-02T06:56:01+05:00,7658.26
831,2019-10-02T06:56:32+05:00,7450.059999999999
832,2019-10-02T06:57:01+05:00,7582.42
833,2019-10-02T06:57:31+05:00,7510.23
834,2019-10-02T06:58:01+05:00,7620.05
835,2019-10-02T06:58:31+05:00,7637.67
836,2019-10-02T06:59:01+05:00,7475.59
837,2019-10-02T06:59:31+05:00,7644.599999999999
838,2019-10-02T07:00:01+05:00,7613.099999999999
839,2019-10-02T07:00:31+05:00,7617.19
840,2019-10-02T07:01:01+05:00,7587.32
841,2019-10-02T07:01:31+05:00,7584.66
842,2019-10-02T07:02:03+05:00,7792.16
843,2019-10-02T07:02:31+05:00,7692.58
844,2019-10-02T07:03:01+05:00,7993.300000000001
845,2019-10-02T07:03:31+05:00,8228.779999999999
846,2019-10-02T07:04:01+05:00,8266.25
847,2019-10-02T07:04:31+05:00,7819.98
848,2019-10-02T07:05:01+05:00,7641.410000000001
849,2019-10-02T07:05:31+05:00,7628.389999999999
850,2019-10-02T07:06:01+05:00,7507.5
851,2019-10-02T07:06:31+05:00,7592.860000000001
852,2019-10-02T07:07:01+05:00,7575.18
853,2019-10-02T07:07:32+05:00,7633.32
854,2019-10-02T07:08:01+05:00,7675.469999999999
855,2019-10-02T07:08:31+05:00,7724.11
856,2019-10-02T07:09:01+05:00,7643.98
857,2019-10-02T07:09:31+05:00,7695.52
858,2019-10-02T07:10:01+05:00,7700.719999999999
859,2019-10-02T07:10:31+05:00,7735.150000000001
860,2019-10-02T07:11:01+05:00,7674.860000000001
861,2019-10-02T07:11:31+05:00,7662.37
862,2019-10-02T07:12:02+05:00,7652.83
863,2019-10-02T07:12:31+05:00,7698.1
864,2019-10-02T07:13:01+05:00,7696.539999999999
865,2019-10-02T07:13:32+05:00,7740.88
866,2019-10-02T07:14:01+05:00,7716.369999999999
867,2019-10-02T07:14:31+05:00,7838.719999999999
868,2019-10-02T07:15:02+05:00,7969.27
869,2019-10-02T07:15:31+05:00,7833.799999999999
870,2019-10-02T07:16:01+05:00,7873.18
871,2019-10-02T07:16:31+05:00,7871.86
872,2019-10-02T07:17:01+05:00,7798.559999999999
873,2019-10-02T07:17:31+05:00,8184.950000000001
874,2019-10-02T07:18:01+05:00,7016.5
875,2019-10-02T07:18:31+05:00,7862.04
876,2019-10-02T07:19:01+05:00,7920.129999999999
877,2019-10-02T07:19:31+05:00,7832.18
878,2019-10-02T07:20:01+05:00,7826.4
879,2019-10-02T07:20:31+05:00,7791.32
880,2019-10-02T07:21:01+05:00,7880.799999999999
881,2019-10-02T07:21:33+05:00,7831.44
882,2019-10-02T07:22:01+05:00,7961.92
883,2019-10-02T07:22:31+05:00,7813.860000000001
884,2019-10-02T07:23:01+05:00,7940.219999999999
885,2019-10-02T07:23:31+05:00,7990.35
886,2019-10-02T07:24:03+05:00,7869.38
887,2019-10-02T07:24:31+05:00,7883.639999999999
888,2019-10-02T07:25:01+05:00,7867.639999999999
889,2019-10-02T07:25:33+05:00,7955.58
890,2019-10-02T07:26:02+05:00,8166.63
891,2019-10-02T07:26:32+05:00,7883.54
892,2019-10-02T07:27:01+05:00,7901.65
893,2019-10-02T07:27:33+05:00,8023.55
894,2019-10-02T07:28:01+05:00,7918.75
895,2019-10-02T07:28:31+05:00,7873.65
896,2019-10-02T07:29:01+05:00,9722.47
897,2019-10-02T07:29:31+05:00,9700.4
898,2019-10-02T07:30:01+05:00,9814.59
899,2019-10-02T07:30:31+05:00,9755.97
900,2019-10-02T07:31:01+05:00,9786.97
901,2019-10-02T07:31:31+05:00,9873.16
902,2019-10-02T07:32:01+05:00,9725.68
903,2019-10-02T07:32:31+05:00,9825.86
904,2019-10-02T07:33:01+05:00,9769.24
905,2019-10-02T07:33:31+05:00,9657.84
906,2019-10-02T07:34:01+05:00,9702.53
907,2019-10-02T07:34:31+05:00,9750.95
908,2019-10-02T07:35:01+05:00,9681.79
909,2019-10-02T07:35:31+05:00,9787.02
910,2019-10-02T07:36:01+05:00,9805.28
911,2019-10-02T07:36:31+05:00,9659.92
912,2019-10-02T07:37:01+05:00,9679.95
913,2019-10-02T07:37:31+05:00,9618.17
914,2019-10-02T07:38:01+05:00,9626.72
915,2019-10-02T07:38:32+05:00,9582.55
916,2019-10-02T07:39:01+05:00,9616.57
917,2019-10-02T07:39:31+05:00,9596.64
918,2019-10-02T07:40:01+05:00,9651.42
919,2019-10-02T07:40:32+05:00,9628.28
920,2019-10-02T07:41:01+05:00,9702.17
921,2019-10-02T07:41:31+05:00,9594.9
922,2019-10-02T07:42:01+05:00,9641.44
923,2019-10-02T07:42:31+05:00,9685.61
924,2019-10-02T07:43:01+05:00,8813.710000000001
925,2019-10-02T07:43:31+05:00,9623.11
926,2019-10-02T07:44:01+05:00,9683.44
927,2019-10-02T07:44:31+05:00,9585.41
928,2019-10-02T07:45:01+05:00,9568.03
929,2019-10-02T07:45:31+05:00,9598.06
930,2019-10-02T07:46:01+05:00,9592.81
931,2019-10-02T07:46:31+05:00,9584.73
932,2019-10-02T07:47:02+05:00,9700.06
933,2019-10-02T07:47:31+05:00,9769.64
934,2019-10-02T07:48:01+05:00,9772.8
935,2019-10-02T07:48:31+05:00,9577.95
936,2019-10-02T07:49:01+05:00,9674.12
937,2019-10-02T07:49:31+05:00,9548.31
938,2019-10-02T07:50:01+05:00,9629.81
939,2019-10-02T07:50:31+05:00,9539.56
940,2019-10-02T07:51:01+05:00,9721.89
941,2019-10-02T07:51:31+05:00,9732.53
942,2019-10-02T07:52:01+05:00,9639.22
943,2019-10-02T07:52:32+05:00,9771.73
944,2019-10-02T07:53:01+05:00,9597.99
945,2019-10-02T07:53:31+05:00,9630.83
946,2019-10-02T07:54:01+05:00,9679.21
947,2019-10-02T07:54:31+05:00,9615.47
948,2019-10-02T07:55:01+05:00,9574.29
949,2019-10-02T07:55:32+05:00,8871.41
950,2019-10-02T07:56:01+05:00,9675.3
951,2019-10-02T07:56:31+05:00,9663.79
952,2019-10-02T07:57:01+05:00,9703.63
953,2019-10-02T07:57:31+05:00,9668.21
954,2019-10-02T07:58:01+05:00,9646.83
955,2019-10-02T07:58:32+05:00,9547.1
956,2019-10-02T07:59:01+05:00,9676.43
957,2019-10-02T07:59:31+05:00,9724.77
958,2019-10-02T08:00:01+05:00,9662.17
959,2019-10-02T08:00:32+05:00,9614.6
960,2019-10-02T08:01:01+05:00,9690.82
961,2019-10-02T08:01:31+05:00,9673.0
962,2019-10-02T08:02:01+05:00,9771.08
963,2019-10-02T08:02:31+05:00,9900.02
964,2019-10-02T08:03:01+05:00,9771.52
965,2019-10-02T08:03:31+05:00,8830.19
966,2019-10-02T08:04:01+05:00,9700.26
967,2019-10-02T08:04:31+05:00,9621.54
968,2019-10-02T08:05:01+05:00,9652.35
969,2019-10-02T08:05:31+05:00,9692.66
970,2019-10-02T08:06:01+05:00,9722.99
971,2019-10-02T08:06:32+05:00,9692.42
972,2019-10-02T08:07:01+05:00,7809.18
973,2019-10-02T08:07:31+05:00,8122.88
974,2019-10-02T08:08:01+05:00,8202.630000000001
975,2019-10-02T08:08:31+05:00,8035.1
976,2019-10-02T08:09:01+05:00,8011.25
977,2019-10-02T08:09:31+05:00,8079.35
978,2019-10-02T08:10:01+05:00,8092.76
979,2019-10-02T08:10:33+05:00,8016.09
980,2019-10-02T08:11:01+05:00,8082.269999999999
981,2019-10-02T08:11:31+05:00,8086.0
982,2019-10-02T08:12:01+05:00,8002.06
983,2019-10-02T08:12:31+05:00,8080.459999999999
984,2019-10-02T08:13:01+05:00,8068.559999999999
985,2019-10-02T08:13:31+05:00,8040.360000000001
986,2019-10-02T08:14:01+05:00,8081.189999999999
987,2019-10-02T08:14:31+05:00,7997.030000000001
988,2019-10-02T08:15:01+05:00,8084.5
989,2019-10-02T08:15:31+05:00,8140.85
990,2019-10-02T08:16:02+05:00,8092.99
991,2019-10-02T08:16:31+05:00,8175.460000000001
992,2019-10-02T08:17:02+05:00,8076.15
993,2019-10-02T08:17:31+05:00,8129.860000000001
994,2019-10-02T08:18:01+05:00,8146.549999999999
995,2019-10-02T08:18:31+05:00,8013.129999999999
996,2019-10-02T08:19:01+05:00,8086.630000000001
997,2019-10-02T08:19:31+05:00,8190.9
998,2019-10-02T08:20:01+05:00,8100.18
999,2019-10-02T08:20:31+05:00,8180.53
1000,2019-10-02T08:21:01+05:00,8300.76
1001,2019-10-02T08:21:31+05:00,8202.52
1002,2019-10-02T08:22:02+05:00,8198.25
1003,2019-10-02T08:22:31+05:00,8082.87
1004,2019-10-02T08:23:01+05:00,8264.0
1005,2019-10-02T08:23:31+05:00,8279.11
1006,2019-10-02T08:24:01+05:00,8234.970000000001
1007,2019-10-02T08:24:31+05:00,8307.06
1008,2019-10-02T08:25:01+05:00,8237.380000000001
1009,2019-10-02T08:25:33+05:00,8322.75
1010,2019-10-02T08:26:01+05:00,10066.65
1011,2019-10-02T08:26:31+05:00,10090.76
1012,2019-10-02T08:27:01+05:00,10097.05
1013,2019-10-02T08:27:31+05:00,10149.96
1014,2019-10-02T08:28:01+05:00,10040.55
1015,2019-10-02T08:28:32+05:00,10040.5
1016,2019-10-02T08:29:01+05:00,10144.01
1017,2019-10-02T08:29:31+05:00,10034.38
1018,2019-10-02T08:30:01+05:00,10017.69
1019,2019-10-02T08:30:31+05:00,9950.75
1020,2019-10-02T08:31:01+05:00,9968.38
1021,2019-10-02T08:31:31+05:00,9918.61
1022,2019-10-02T08:32:01+05:00,9692.66
1023,2019-10-02T08:32:31+05:00,9664.66
1024,2019-10-02T08:33:01+05:00,10060.34
1025,2019-10-02T08:33:31+05:00,9983.27
1026,2019-10-02T08:34:01+05:00,10092.95
1027,2019-10-02T08:34:31+05:00,10068.6
1028,2019-10-02T08:35:01+05:00,10061.25
1029,2019-10-02T08:35:32+05:00,10034.59
1030,2019-10-02T08:36:01+05:00,10050.87
1031,2019-10-02T08:36:31+05:00,10072.2
1032,2019-10-02T08:37:01+05:00,10146.31
1033,2019-10-02T08:37:31+05:00,10081.24
1034,2019-10-02T08:38:01+05:00,10184.91
1035,2019-10-02T08:38:31+05:00,10055.81
1036,2019-10-02T08:39:01+05:00,10192.8
1037,2019-10-02T08:39:31+05:00,10109.31
1038,2019-10-02T08:40:01+05:00,10182.75
1039,2019-10-02T08:40:31+05:00,10068.7
1040,2019-10-02T08:41:01+05:00,10099.14
1041,2019-10-02T08:41:31+05:00,10194.84
1042,2019-10-02T08:42:01+05:00,10125.93
1043,2019-10-02T08:42:32+05:00,10094.49
1044,2019-10-02T08:43:05+05:00,8295.91
1045,2019-10-02T08:43:31+05:00,8145.84
1046,2019-10-02T08:44:01+05:00,8161.76
1047,2019-10-02T08:44:31+05:00,8053.35
1048,2019-10-02T08:45:01+05:00,8152.44
1049,2019-10-02T08:45:31+05:00,8136.91
1050,2019-10-02T08:46:01+05:00,9962.62
1051,2019-10-02T08:46:31+05:00,10040.08
1052,2019-10-02T08:47:01+05:00,9949.72
1053,2019-10-02T08:47:31+05:00,9966.11
1054,2019-10-02T08:48:01+05:00,9601.85
1055,2019-10-02T08:48:32+05:00,9957.02
1056,2019-10-02T08:49:01+05:00,9981.99
1057,2019-10-02T08:49:31+05:00,10022.88
1058,2019-10-02T08:50:01+05:00,9916.65
1059,2019-10-02T08:50:31+05:00,9998.21
1060,2019-10-02T08:51:01+05:00,9994.25
1061,2019-10-02T08:51:31+05:00,9999.96
1062,2019-10-02T08:52:01+05:00,9944.52
1063,2019-10-02T08:52:31+05:00,9908.87
1064,2019-10-02T08:53:01+05:00,9947.69
1065,2019-10-02T08:53:31+05:00,10096.25
1066,2019-10-02T08:54:01+05:00,10109.44
1067,2019-10-02T08:54:31+05:00,10031.7
1068,2019-10-02T08:55:01+05:00,10149.56
1069,2019-10-02T08:55:31+05:00,8210.57
1070,2019-10-02T08:56:01+05:00,8224.27
1071,2019-10-02T08:56:31+05:00,8330.24
1072,2019-10-02T08:57:01+05:00,8255.59
1073,2019-10-02T08:57:31+05:00,8420.12
1074,2019-10-02T08:58:01+05:00,8444.06
1075,2019-10-02T08:58:32+05:00,8374.42
1076,2019-10-02T08:59:01+05:00,8466.710000000001
1077,2019-10-02T08:59:31+05:00,8305.050000000001
1078,2019-10-02T09:00:01+05:00,8202.08
1079,2019-10-02T09:00:31+05:00,10120.51
1080,2019-10-02T09:01:01+05:00,10168.95
1081,2019-10-02T09:01:31+05:00,10186.26
1082,2019-10-02T09:02:01+05:00,8103.26
1083,2019-10-02T09:02:31+05:00,10234.240000000002
1084,2019-10-02T09:03:02+05:00,10169.63
1085,2019-10-02T09:03:31+05:00,10104.1
1086,2019-10-02T09:04:01+05:00,10228.490000000002
1087,2019-10-02T09:04:31+05:00,10365.97
1088,2019-10-02T09:05:02+05:00,10459.14
1089,2019-10-02T09:05:31+05:00,10204.48
1090,2019-10-02T09:06:01+05:00,10284.26
1091,2019-10-02T09:06:31+05:00,10410.27
1092,2019-10-02T09:07:01+05:00,10198.15
1093,2019-10-02T09:07:31+05:00,10186.22
1094,2019-10-02T09:08:01+05:00,10028.36
1095,2019-10-02T09:08:31+05:00,10097.23
1096,2019-10-02T09:09:01+05:00,10262.75
1097,2019-10-02T09:09:32+05:00,10223.07
1098,2019-10-02T09:10:01+05:00,10189.28
1099,2019-10-02T09:10:31+05:00,10067.6
1100,2019-10-02T09:11:01+05:00,10137.080000000002
1101,2019-10-02T09:11:31+05:00,10281.11
1102,2019-10-02T09:12:01+05:00,10252.740000000002
1103,2019-10-02T09:12:31+05:00,10371.29
1104,2019-10-02T09:13:01+05:00,10399.15
1105,2019-10-02T09:13:31+05:00,10729.23
1106,2019-10-02T09:14:01+05:00,10753.95
1107,2019-10-02T09:14:31+05:00,12330.08
1108,2019-10-02T09:15:01+05:00,12428.09
1109,2019-10-02T09:15:31+05:00,12671.95
1110,2019-10-02T09:16:01+05:00,12570.75
1111,2019-10-02T09:16:31+05:00,12460.2
1112,2019-10-02T09:17:01+05:00,14597.7
1113,2019-10-02T09:17:31+05:00,14604.25
1114,2019-10-02T09:18:01+05:00,14615.92
1115,2019-10-02T09:18:32+05:00,14625.55
1116,2019-10-02T09:19:01+05:00,14708.54
1117,2019-10-02T09:19:31+05:00,14891.12
1118,2019-10-02T09:20:01+05:00,14982.23
1119,2019-10-02T09:20:31+05:00,15102.99
1120,2019-10-02T09:21:01+05:00,15236.39
1121,2019-10-02T09:21:31+05:00,14935.04
1122,2019-10-02T09:22:01+05:00,15052.4
1123,2019-10-02T09:22:31+05:00,14990.72
1124,2019-10-02T09:23:01+05:00,15185.11
1125,2019-10-02T09:23:31+05:00,15148.77
1126,2019-10-02T09:24:01+05:00,13536.8
1127,2019-10-02T09:24:31+05:00,13557.49
1128,2019-10-02T09:25:01+05:00,13506.88
1129,2019-10-02T09:25:31+05:00,13371.490000000002
1130,2019-10-02T09:26:01+05:00,13379.27
1131,2019-10-02T09:26:31+05:00,13416.94
1132,2019-10-02T09:27:01+05:00,13410.3
1133,2019-10-02T09:27:31+05:00,13180.12
1134,2019-10-02T09:28:01+05:00,13645.580000000002
1135,2019-10-02T09:28:31+05:00,13627.48
1136,2019-10-02T09:29:01+05:00,13712.53
1137,2019-10-02T09:29:31+05:00,13414.3
1138,2019-10-02T09:30:01+05:00,8226.59
1139,2019-10-02T09:30:31+05:00,8230.45
1140,2019-10-02T09:31:01+05:00,13546.87
1141,2019-10-02T09:31:32+05:00,13394.63
1142,2019-10-02T09:32:01+05:00,13592.92
1143,2019-10-02T09:32:31+05:00,13577.82
1144,2019-10-02T09:33:01+05:00,13305.81
1145,2019-10-02T09:33:31+05:00,13312.7
1146,2019-10-02T09:34:01+05:00,13075.64
1147,2019-10-02T09:34:32+05:00,13307.509999999998
1148,2019-10-02T09:35:01+05:00,13341.12
1149,2019-10-02T09:35:31+05:00,13218.84
1150,2019-10-02T09:36:01+05:00,13117.88
1151,2019-10-02T09:36:32+05:00,13269.990000000002
1152,2019-10-02T09:37:02+05:00,13239.08
1153,2019-10-02T09:37:31+05:00,13177.29
1154,2019-10-02T09:38:01+05:00,13410.42
1155,2019-10-02T09:38:31+05:00,13232.72
1156,2019-10-02T09:39:01+05:00,13223.15
1157,2019-10-02T09:39:31+05:00,13126.25
1158,2019-10-02T09:40:03+05:00,13418.92
1159,2019-10-02T09:40:31+05:00,13279.73
1160,2019-10-02T09:41:01+05:00,13471.67
1161,2019-10-02T09:41:31+05:00,13382.12
1162,2019-10-02T09:42:01+05:00,13447.16
1163,2019-10-02T09:42:35+05:00,13329.26
1164,2019-10-02T09:43:01+05:00,13424.46
1165,2019-10-02T09:43:31+05:00,13333.5
1166,2019-10-02T09:44:02+05:00,13526.13
1167,2019-10-02T09:44:31+05:00,13671.72
1168,2019-10-02T09:45:01+05:00,13485.31
1169,2019-10-02T09:45:32+05:00,13457.56
1170,2019-10-02T09:46:01+05:00,13564.77
1171,2019-10-02T09:46:31+05:00,7985.099999999999
1172,2019-10-02T09:47:01+05:00,13626.62
1173,2019-10-02T09:47:31+05:00,13567.54
1174,2019-10-02T09:48:02+05:00,13430.2
1175,2019-10-02T09:48:31+05:00,13210.91
1176,2019-10-02T09:49:01+05:00,13475.45
1177,2019-10-02T09:49:31+05:00,13516.95
1178,2019-10-02T09:50:01+05:00,13531.67
1179,2019-10-02T09:50:31+05:00,13559.33
1180,2019-10-02T09:51:01+05:00,13346.26
1181,2019-10-02T09:51:32+05:00,13361.79
1182,2019-10-02T09:52:02+05:00,13281.95
1183,2019-10-02T09:52:31+05:00,13297.3
1184,2019-10-02T09:53:01+05:00,13442.55
1185,2019-10-02T09:53:31+05:00,13637.55
1186,2019-10-02T09:54:01+05:00,13503.41
1187,2019-10-02T09:54:31+05:00,13718.24
1188,2019-10-02T09:55:01+05:00,13511.8
1189,2019-10-02T09:55:31+05:00,13476.38
1190,2019-10-02T09:56:01+05:00,13451.9
1191,2019-10-02T09:56:31+05:00,13458.56
1192,2019-10-02T09:57:01+05:00,14659.4
1193,2019-10-02T09:57:31+05:00,13652.02
1194,2019-10-02T09:58:01+05:00,13695.95
1195,2019-10-02T09:58:31+05:00,13558.76
1196,2019-10-02T09:59:01+05:00,13807.9
1197,2019-10-02T09:59:31+05:00,15398.82
1198,2019-10-02T10:00:01+05:00,10143.48
1199,2019-10-02T10:00:31+05:00,15572.87
1200,2019-10-02T10:01:02+05:00,15476.82
1201,2019-10-02T10:01:31+05:00,15548.48
1202,2019-10-02T10:02:01+05:00,15627.85
1203,2019-10-02T10:03:01+05:00,15672.21
1204,2019-10-02T10:03:31+05:00,15526.69
1205,2019-10-02T10:04:01+05:00,15733.66
1206,2019-10-02T10:04:31+05:00,15748.98
1207,2019-10-02T10:05:01+05:00,15590.96
1208,2019-10-02T10:05:31+05:00,15654.22
1209,2019-10-02T10:06:01+05:00,15650.19
1210,2019-10-02T10:06:31+05:00,15823.24
1211,2019-10-02T10:07:01+05:00,15739.22
1212,2019-10-02T10:07:31+05:00,15682.169999999998
1213,2019-10-02T10:08:01+05:00,15651.7
1214,2019-10-02T10:08:31+05:00,15436.85
1215,2019-10-02T10:09:01+05:00,15593.93
1216,2019-10-02T10:09:31+05:00,15527.2
1217,2019-10-02T10:10:01+05:00,15725.51
1218,2019-10-02T10:10:31+05:00,15558.6
1219,2019-10-02T10:11:01+05:00,15611.86
1220,2019-10-02T10:11:31+05:00,15479.8
1221,2019-10-02T10:12:01+05:00,15426.39
1222,2019-10-02T10:12:31+05:00,15514.14
1223,2019-10-02T10:13:02+05:00,15681.95
1224,2019-10-02T10:13:31+05:00,15577.509999999998
1225,2019-10-02T10:14:01+05:00,15589.48
1226,2019-10-02T10:14:32+05:00,15616.09
1227,2019-10-02T10:15:02+05:00,15626.14
1228,2019-10-02T10:15:31+05:00,15716.259999999998
1229,2019-10-02T10:16:01+05:00,15486.75
1230,2019-10-02T10:16:32+05:00,15545.86
1231,2019-10-02T10:17:01+05:00,15494.35
1232,2019-10-02T10:17:31+05:00,15579.54
1233,2019-10-02T10:18:01+05:00,15721.51
1234,2019-10-02T10:18:31+05:00,15782.81
1235,2019-10-02T10:19:01+05:00,15846.72
1236,2019-10-02T10:19:31+05:00,15803.63
1237,2019-10-02T10:20:01+05:00,15794.17
1238,2019-10-02T10:20:31+05:00,15826.03
1239,2019-10-02T10:21:01+05:00,15762.32
1240,2019-10-02T10:21:32+05:00,15591.82
1241,2019-10-02T10:22:01+05:00,15647.89
1242,2019-10-02T10:22:31+05:00,15865.74
1243,2019-10-02T10:23:01+05:00,15646.990000000002
1244,2019-10-02T10:23:31+05:00,13907.95
1245,2019-10-02T10:24:01+05:00,14000.74
1246,2019-10-02T10:24:31+05:00,14021.21
1247,2019-10-02T10:25:01+05:00,14014.1
1248,2019-10-02T10:25:32+05:00,13891.73
1249,2019-10-02T10:26:01+05:00,13762.72
1250,2019-10-02T10:26:31+05:00,13947.259999999998
1251,2019-10-02T10:27:01+05:00,14028.64
1252,2019-10-02T10:27:31+05:00,14074.92
1253,2019-10-02T10:28:01+05:00,13901.31
1254,2019-10-02T10:28:31+05:00,13974.25
1255,2019-10-02T10:29:01+05:00,13894.23
1256,2019-10-02T10:29:31+05:00,14162.76
1257,2019-10-02T10:30:01+05:00,13992.56
1258,2019-10-02T10:30:31+05:00,13962.44
1259,2019-10-02T10:31:01+05:00,13765.74
1260,2019-10-02T10:31:31+05:00,13960.71
1261,2019-10-02T10:32:01+05:00,13854.04
1262,2019-10-02T10:32:31+05:00,13945.79
1263,2019-10-02T10:33:01+05:00,13999.8
1264,2019-10-02T10:33:31+05:00,14107.86
1265,2019-10-02T10:34:01+05:00,13983.169999999998
1266,2019-10-02T10:34:32+05:00,13867.25
1267,2019-10-02T10:35:01+05:00,14099.26
1268,2019-10-02T10:35:31+05:00,13919.93
1269,2019-10-02T10:36:01+05:00,13900.99
1270,2019-10-02T10:36:31+05:00,13936.29
1271,2019-10-02T10:37:02+05:00,13802.39
1272,2019-10-02T10:37:31+05:00,14054.15
1273,2019-10-02T10:38:01+05:00,14147.509999999998
1274,2019-10-02T10:38:31+05:00,13904.65
1275,2019-10-02T10:39:01+05:00,13929.19
1276,2019-10-02T10:39:31+05:00,13956.28
1277,2019-10-02T10:40:01+05:00,14105.85
1278,2019-10-02T10:40:31+05:00,13944.76
1279,2019-10-02T10:41:01+05:00,14005.64
1280,2019-10-02T10:41:31+05:00,13982.37
1281,2019-10-02T10:42:01+05:00,14087.63
1282,2019-10-02T10:42:31+05:00,13898.74
1283,2019-10-02T10:43:01+05:00,14299.1
1284,2019-10-02T10:43:31+05:00,14072.38
1285,2019-10-02T10:44:01+05:00,14094.32
1286,2019-10-02T10:44:31+05:00,13924.89
1287,2019-10-02T10:45:01+05:00,14034.05
1288,2019-10-02T10:45:31+05:00,14005.45
1289,2019-10-02T10:46:01+05:00,13942.42
1290,2019-10-02T10:46:31+05:00,13986.9
1291,2019-10-02T10:47:01+05:00,13911.49
1292,2019-10-02T10:47:31+05:00,13952.55
1293,2019-10-02T10:48:02+05:00,13911.61
1294,2019-10-02T10:48:31+05:00,13924.2
1295,2019-10-02T10:49:01+05:00,13916.28
1296,2019-10-02T10:49:31+05:00,13946.94
1297,2019-10-02T10:50:01+05:00,13813.009999999998
1298,2019-10-02T10:50:31+05:00,13983.3
1299,2019-10-02T10:51:01+05:00,14198.62
1300,2019-10-02T10:51:31+05:00,14011.4
1301,2019-10-02T10:52:01+05:00,14038.35
1302,2019-10-02T10:52:31+05:00,14198.69
1303,2019-10-02T10:53:01+05:00,14020.36
1304,2019-10-02T10:53:31+05:00,13998.79
1305,2019-10-02T10:54:05+05:00,8314.02
1306,2019-10-02T10:55:02+05:00,14328.19
1307,2019-10-02T10:55:32+05:00,14077.85
1308,2019-10-02T10:56:01+05:00,14101.7
1309,2019-10-02T10:56:31+05:00,14172.89
1310,2019-10-02T10:57:01+05:00,14097.28
1311,2019-10-02T10:57:32+05:00,14228.65
1312,2019-10-02T10:58:01+05:00,14202.56
1313,2019-10-02T10:58:31+05:00,14127.32
1314,2019-10-02T10:59:01+05:00,8510.68
1315,2019-10-02T10:59:31+05:00,14204.3
1316,2019-10-02T11:00:01+05:00,14039.93
1317,2019-10-02T11:00:31+05:00,14078.7
1318,2019-10-02T11:01:01+05:00,14140.8
1319,2019-10-02T11:01:31+05:00,8555.24
1320,2019-10-02T11:02:01+05:00,14097.1
1321,2019-10-02T11:02:31+05:00,14299.36
1322,2019-10-02T11:03:01+05:00,14383.57
1323,2019-10-02T11:03:31+05:00,14105.45
1324,2019-10-02T11:04:01+05:00,14275.08
1325,2019-10-02T11:04:32+05:00,14137.27
1326,2019-10-02T11:05:01+05:00,14258.07
1327,2019-10-02T11:05:31+05:00,14052.35
1328,2019-10-02T11:06:01+05:00,14178.18
1329,2019-10-02T11:06:31+05:00,14156.6
1330,2019-10-02T11:07:01+05:00,14210.21
1331,2019-10-02T11:07:31+05:00,13991.63
1332,2019-10-02T11:08:02+05:00,14231.02
1333,2019-10-02T11:08:31+05:00,13984.98
1334,2019-10-02T11:09:01+05:00,14138.21
1335,2019-10-02T11:09:31+05:00,14258.0
1336,2019-10-02T11:10:03+05:00,14228.89
1337,2019-10-02T11:10:31+05:00,14091.21
1338,2019-10-02T11:11:01+05:00,14130.31
1339,2019-10-02T11:11:31+05:00,14202.23
1340,2019-10-02T11:12:01+05:00,14044.35
1341,2019-10-02T11:12:32+05:00,14027.53
1342,2019-10-02T11:13:01+05:00,14069.36
1343,2019-10-02T11:13:31+05:00,13907.1
1344,2019-10-02T11:14:01+05:00,13975.4
1345,2019-10-02T11:14:31+05:00,14136.9
1346,2019-10-02T11:15:02+05:00,13946.759999999998
1347,2019-10-02T11:15:31+05:00,13995.79
1348,2019-10-02T11:16:01+05:00,14016.14
1349,2019-10-02T11:16:35+05:00,14073.92
1350,2019-10-02T11:17:01+05:00,13999.04
1351,2019-10-02T11:17:41+05:00,13957.11
1352,2019-10-02T11:18:01+05:00,13911.04
1353,2019-10-02T11:18:31+05:00,13985.37
1354,2019-10-02T11:19:01+05:00,13870.26
1355,2019-10-02T11:19:31+05:00,13981.31
1356,2019-10-02T11:20:02+05:00,14119.64
1357,2019-10-02T11:20:31+05:00,14129.46
1358,2019-10-02T11:21:05+05:00,14004.74
1359,2019-10-02T11:21:31+05:00,13956.19
1360,2019-10-02T11:22:01+05:00,13945.88
1361,2019-10-02T11:22:31+05:00,13911.19
1362,2019-10-02T11:23:01+05:00,14041.47
1363,2019-10-02T11:23:31+05:00,14052.36
1364,2019-10-02T11:24:01+05:00,14047.22
1365,2019-10-02T11:24:31+05:00,14219.11
1366,2019-10-02T11:25:01+05:00,13993.64
1367,2019-10-02T11:25:32+05:00,13859.75
1368,2019-10-02T11:26:02+05:00,13985.87
1369,2019-10-02T11:26:31+05:00,13748.72
1370,2019-10-02T11:27:01+05:00,14052.03
1371,2019-10-02T11:27:32+05:00,14052.54
1372,2019-10-02T11:28:01+05:00,14008.24
1373,2019-10-02T11:28:31+05:00,13998.26
1374,2019-10-02T11:29:01+05:00,14127.07
1375,2019-10-02T11:29:31+05:00,14009.989999999998
1376,2019-10-02T11:30:01+05:00,13897.15
1377,2019-10-02T11:30:35+05:00,14076.18
1378,2019-10-02T11:31:01+05:00,14122.52
1379,2019-10-02T11:31:31+05:00,13844.15
1380,2019-10-02T11:32:00+05:00,13712.43
1381,2019-10-02T11:32:31+05:00,13826.31
1382,2019-10-02T11:33:01+05:00,14059.72
1383,2019-10-02T11:33:31+05:00,14045.89
1384,2019-10-02T11:34:02+05:00,14122.89
1385,2019-10-02T11:34:31+05:00,14031.99
1386,2019-10-02T11:35:01+05:00,14113.330000000002
1387,2019-10-02T11:35:30+05:00,14150.48
1388,2019-10-02T11:36:01+05:00,14077.38
1389,2019-10-02T11:36:32+05:00,14280.06
1390,2019-10-02T11:37:01+05:00,8207.97
1391,2019-10-02T11:37:30+05:00,14075.02
1392,2019-10-02T11:38:00+05:00,14412.58
1393,2019-10-02T11:38:31+05:00,14368.82
1394,2019-10-02T11:39:01+05:00,16210.490000000002
1395,2019-10-02T11:39:31+05:00,16051.24
1396,2019-10-02T11:40:00+05:00,16143.86
1397,2019-10-02T11:40:31+05:00,16065.07
1398,2019-10-02T11:41:00+05:00,16243.56
1399,2019-10-02T11:41:30+05:00,10171.96
1400,2019-10-02T11:42:01+05:00,16075.37
1401,2019-10-02T11:42:31+05:00,16027.73
1402,2019-10-02T11:43:00+05:00,16161.28
1403,2019-10-02T11:43:31+05:00,16039.74
1404,2019-10-02T11:44:01+05:00,15976.3
1405,2019-10-02T11:44:32+05:00,16100.72
1406,2019-10-02T11:45:02+05:00,16244.28
1407,2019-10-02T11:45:31+05:00,16216.98
1408,2019-10-02T11:46:00+05:00,16220.71
1409,2019-10-02T11:46:32+05:00,16191.9
1410,2019-10-02T11:47:01+05:00,16120.09
1411,2019-10-02T11:47:32+05:00,16168.12
1412,2019-10-02T11:48:01+05:00,16119.93
1413,2019-10-02T11:48:30+05:00,16216.51
1414,2019-10-02T11:49:01+05:00,16032.04
1415,2019-10-02T11:49:31+05:00,15881.38
1416,2019-10-02T11:50:00+05:00,15949.6
1417,2019-10-02T11:50:31+05:00,15941.81
1418,2019-10-02T11:51:01+05:00,15860.16
1419,2019-10-02T11:51:32+05:00,15943.25
1420,2019-10-02T11:52:01+05:00,16012.329999999998
1421,2019-10-02T11:52:31+05:00,16068.18
1422,2019-10-02T11:53:00+05:00,16230.79
1423,2019-10-02T11:53:30+05:00,14398.53
1424,2019-10-02T11:54:01+05:00,14165.1
1425,2019-10-02T11:54:30+05:00,14169.37
1426,2019-10-02T11:55:00+05:00,14161.94
1427,2019-10-02T11:55:32+05:00,14126.06
1428,2019-10-02T11:56:01+05:00,14255.06
1429,2019-10-02T11:56:30+05:00,14226.85
1430,2019-10-02T11:57:00+05:00,14462.95
1431,2019-10-02T11:57:31+05:00,14338.65
1432,2019-10-02T11:58:00+05:00,14193.61
1433,2019-10-02T11:58:30+05:00,14146.67
1434,2019-10-02T11:59:02+05:00,14058.47
1435,2019-10-02T11:59:30+05:00,14356.7
1436,2019-10-02T12:00:02+05:00,14260.29
1437,2019-10-02T12:00:30+05:00,14172.87
1438,2019-10-02T12:01:00+05:00,14282.27
1439,2019-10-02T12:01:30+05:00,14127.11
1440,2019-10-02T12:02:02+05:00,14312.66
1441,2019-10-02T12:02:30+05:00,14263.57
1442,2019-10-02T12:03:00+05:00,14123.49
1443,2019-10-02T12:03:30+05:00,14203.02
1444,2019-10-02T12:04:02+05:00,14306.38
1445,2019-10-02T12:04:30+05:00,14290.62
1446,2019-10-02T12:05:00+05:00,14070.46
1447,2019-10-02T12:05:30+05:00,14333.68
1448,2019-10-02T12:06:00+05:00,14165.81
1449,2019-10-02T12:06:30+05:00,16108.32
1450,2019-10-02T12:07:01+05:00,16164.13
1451,2019-10-02T12:07:30+05:00,16181.68
1452,2019-10-02T12:08:00+05:00,16097.39
1453,2019-10-02T12:08:30+05:00,15996.0
1454,2019-10-02T12:09:01+05:00,15902.09
1455,2019-10-02T12:09:30+05:00,14683.37
1456,2019-10-02T12:10:00+05:00,16126.2
1457,2019-10-02T12:10:30+05:00,16143.19
1458,2019-10-02T12:11:00+05:00,15950.03
1459,2019-10-02T12:11:30+05:00,14447.72
1460,2019-10-02T12:12:00+05:00,16071.21
1461,2019-10-02T12:12:30+05:00,16017.48
1462,2019-10-02T12:13:01+05:00,15919.43
1463,2019-10-02T12:13:30+05:00,15837.32
1464,2019-10-02T12:14:00+05:00,16080.06
1465,2019-10-02T12:14:30+05:00,15927.69
1466,2019-10-02T12:15:00+05:00,16083.86
1467,2019-10-02T12:15:31+05:00,15874.07
1468,2019-10-02T12:16:00+05:00,16032.06
1469,2019-10-02T12:16:30+05:00,8862.14
1470,2019-10-02T12:17:00+05:00,16033.5
1471,2019-10-02T12:17:30+05:00,16117.14
